{"Year":[2012,2013,2014,2015],"Value":[70.49394939,71.24689955,73.66671534,74.74229571]}